{
  "loss": [
    0.5035377740859985,
    0.36349746584892273,
    0.27716290950775146,
    0.29447662830352783,
    0.16585573554039001,
    0.1680765002965927,
    0.14147667586803436,
    0.13487234711647034,
    0.1279759258031845,
    0.09963322430849075,
    0.06267664581537247,
    0.06098496541380882,
    0.07836389541625977,
    0.060650430619716644,
    0.06437104195356369,
    0.04368794336915016
  ],
  "val_loss": [
    0.18036697804927826,
    0.28364330530166626,
    0.2144896686077118,
    0.2304362803697586,
    0.14999470114707947,
    0.16390319168567657,
    0.10163889080286026,
    0.12180089950561523,
    0.11988979578018188,
    0.183066725730896,
    0.027713194489479065,
    0.028254622593522072,
    0.04132772237062454,
    0.0895121842622757,
    0.037020325660705566,
    0.06257538497447968
  ],
  "lr": [
    0.0010000000474974513,
    0.0010000000474974513,
    0.0010000000474974513,
    0.0010000000474974513,
    0.0005000000237487257,
    0.0005000000237487257,
    0.0005000000237487257,
    0.0005000000237487257,
    0.0005000000237487257,
    0.0005000000237487257,
    0.0002500000118743628,
    0.0002500000118743628,
    0.0002500000118743628,
    0.0002500000118743628,
    0.0001250000059371814,
    0.0001250000059371814
  ]
}