{
  "loss": [
    1.0625967979431152,
    0.42708688974380493,
    0.3127034306526184,
    0.26262030005455017,
    0.239982470870018,
    0.21683436632156372,
    0.200670063495636,
    0.1897760033607483,
    0.17644567787647247,
    0.16437892615795135,
    0.1616564691066742,
    0.15108472108840942,
    0.1457396298646927,
    0.142658531665802,
    0.13765056431293488,
    0.13623666763305664,
    0.12458024173974991,
    0.12081655114889145,
    0.116459421813488,
    0.11488457769155502
  ],
  "accuracy": [
    0.7508071064949036,
    0.8861985206604004,
    0.9164648652076721,
    0.9269572496414185,
    0.9324051737785339,
    0.938660204410553,
    0.9418886303901672,
    0.9435028433799744,
    0.9465294480323792,
    0.9481436610221863,
    0.9495561122894287,
    0.9523809552192688,
    0.9535915851593018,
    0.9515738487243652,
    0.956820011138916,
    0.9543986916542053,
    0.9586359858512878,
    0.9622679352760315,
    0.9612590670585632,
    0.9632768630981445
  ],
  "val_loss": [
    0.4896337389945984,
    0.30881816148757935,
    0.25266221165657043,
    0.21885494887828827,
    0.20039324462413788,
    0.18324729800224304,
    0.17121340334415436,
    0.1621304601430893,
    0.15146060287952423,
    0.14465706050395966,
    0.14398501813411713,
    0.12884105741977692,
    0.1265169382095337,
    0.12414161115884781,
    0.11918019503355026,
    0.11648324877023697,
    0.11571146547794342,
    0.108443483710289,
    0.10341587662696838,
    0.09713321924209595
  ],
  "val_accuracy": [
    0.8681732416152954,
    0.9180790781974792,
    0.9331449866294861,
    0.9369114637374878,
    0.9416195750236511,
    0.9482108950614929,
    0.9453860521316528,
    0.9510357975959778,
    0.9500941634178162,
    0.9510357975959778,
    0.9519773721694946,
    0.9604519605636597,
    0.9585687518119812,
    0.9585687518119812,
    0.9623352289199829,
    0.9623352289199829,
    0.9595103859901428,
    0.9613935947418213,
    0.9642184376716614,
    0.9698681831359863
  ],
  "lr": [
    0.0010000000474974513,
    0.0010000000474974513,
    0.0010000000474974513,
    0.0010000000474974513,
    0.0010000000474974513,
    0.0010000000474974513,
    0.0010000000474974513,
    0.0010000000474974513,
    0.0010000000474974513,
    0.0010000000474974513,
    0.0010000000474974513,
    0.0010000000474974513,
    0.0010000000474974513,
    0.0010000000474974513,
    0.0010000000474974513,
    0.0010000000474974513,
    0.0010000000474974513,
    0.0010000000474974513,
    0.0010000000474974513,
    0.0010000000474974513
  ]
}