{
  "accuracy": [
    0.7479822635650635,
    0.8843825459480286,
    0.9178773164749146,
    0.9275625348091125,
    0.9336158037185669,
    0.9388619661331177,
    0.9358353614807129,
    0.9378530979156494,
    0.9364407062530518,
    0.9418886303901672,
    0.9348264932632446,
    0.9364407062530518,
    0.9358353614807129,
    0.9378530979156494,
    0.9394673109054565,
    0.9392655491828918,
    0.9398708343505859
  ],
  "loss": [
    1.0661505460739136,
    0.42780953645706177,
    0.31189483404159546,
    0.2610928416252136,
    0.24125921726226807,
    0.21773821115493774,
    0.21993397176265717,
    0.22140729427337646,
    0.2200464904308319,
    0.2091134637594223,
    0.22472567856311798,
    0.21734140813350677,
    0.2217339277267456,
    0.21573837101459503,
    0.21690019965171814,
    0.2150139957666397,
    0.2195367068052292
  ],
  "val_accuracy": [
    0.8653483986854553,
    0.9199623465538025,
    0.930320143699646,
    0.9369114637374878,
    0.9406779408454895,
    0.9406779408454895,
    0.9406779408454895,
    0.9406779408454895,
    0.9406779408454895,
    0.9406779408454895,
    0.9406779408454895,
    0.9406779408454895,
    0.9406779408454895,
    0.9406779408454895,
    0.9406779408454895,
    0.9406779408454895,
    0.9406779408454895
  ],
  "val_loss": [
    0.49147921800613403,
    0.3081631064414978,
    0.2509731948375702,
    0.21949824690818787,
    0.2010614424943924,
    0.19967089593410492,
    0.1984860897064209,
    0.19750575721263885,
    0.1966831237077713,
    0.19916869699954987,
    0.19860249757766724,
    0.19812114536762238,
    0.1977207213640213,
    0.19905753433704376,
    0.19897043704986572,
    0.19886508584022522,
    0.19875125586986542
  ]
}