{
  "model_type": "FaceNet Triplet Loss (Option C)",
  "timestamp": "2026-03-12T18:49:41.275355",
  "test_accuracy": 0.9463276836158192,
  "test_accuracy_percent": 94.63276836158192,
  "num_test_samples": 1062,
  "num_train_samples": 2016,
  "classification_report": {
    "Stranger_1": {
      "precision": 0.9221311475409836,
      "recall": 0.9615384615384616,
      "f1-score": 0.9414225941422594,
      "support": 234.0
    },
    "Stranger_10": {
      "precision": 0.7272727272727273,
      "recall": 0.8888888888888888,
      "f1-score": 0.8,
      "support": 9.0
    },
    "Stranger_11": {
      "precision": 0.8907563025210085,
      "recall": 0.9814814814814815,
      "f1-score": 0.933920704845815,
      "support": 108.0
    },
    "Stranger_12": {
      "precision": 1.0,
      "recall": 1.0,
      "f1-score": 1.0,
      "support": 9.0
    },
    "Stranger_14": {
      "precision": 0.8823529411764706,
      "recall": 0.8333333333333334,
      "f1-score": 0.8571428571428571,
      "support": 18.0
    },
    "Stranger_2": {
      "precision": 0.9602272727272727,
      "recall": 0.9388888888888889,
      "f1-score": 0.949438202247191,
      "support": 180.0
    },
    "Stranger_3": {
      "precision": 0.9603960396039604,
      "recall": 0.8981481481481481,
      "f1-score": 0.9282296650717703,
      "support": 108.0
    },
    "Stranger_4": {
      "precision": 0.9464285714285714,
      "recall": 0.8412698412698413,
      "f1-score": 0.8907563025210085,
      "support": 63.0
    },
    "Stranger_5": {
      "precision": 1.0,
      "recall": 0.8333333333333334,
      "f1-score": 0.9090909090909091,
      "support": 18.0
    },
    "Stranger_6": {
      "precision": 0.9,
      "recall": 1.0,
      "f1-score": 0.9473684210526315,
      "support": 9.0
    },
    "Stranger_7": {
      "precision": 1.0,
      "recall": 0.8888888888888888,
      "f1-score": 0.9411764705882353,
      "support": 9.0
    },
    "Stranger_8": {
      "precision": 1.0,
      "recall": 0.8888888888888888,
      "f1-score": 0.9411764705882353,
      "support": 18.0
    },
    "Stranger_9": {
      "precision": 0.8,
      "recall": 0.8888888888888888,
      "f1-score": 0.8421052631578947,
      "support": 9.0
    },
    "Yurii": {
      "precision": 0.9888888888888889,
      "recall": 0.9888888888888889,
      "f1-score": 0.9888888888888889,
      "support": 270.0
    },
    "accuracy": 0.9463276836158192,
    "macro avg": {
      "precision": 0.9270324207971345,
      "recall": 0.9166027094598524,
      "f1-score": 0.9193369106669784,
      "support": 1062.0
    },
    "weighted avg": {
      "precision": 0.9481138023085,
      "recall": 0.9463276836158192,
      "f1-score": 0.9462626046136448,
      "support": 1062.0
    }
  },
  "weights_path": "src/bp_face_recognition/models/finetuned/facenet_triplet_best.keras",
  "embedding_shape": 512,
  "note": "Evaluated using loaded weights with KNN classifier"
}