{
  "accuracy": [
    0.7548426389694214,
    0.884584367275238
  ],
  "loss": [
    1.0797178745269775,
    0.43778184056282043
  ],
  "val_accuracy": [
    0.8644067645072937,
    0.9190207123756409
  ],
  "val_loss": [
    0.4919445216655731,
    0.3079902231693268
  ],
  "learning_rate": [
    0.0010000000474974513,
    0.0010000000474974513
  ]
}