{
  "accuracy": [
    0.734059751033783,
    0.8728813529014587,
    0.9081920981407166,
    0.9188861846923828,
    0.9229217171669006,
    0.935230016708374,
    0.9564164876937866,
    0.96872478723526,
    0.9751815795898438,
    0.980629563331604,
    0.9705407619476318,
    0.9774011373519897,
    0.9862792491912842,
    0.9909201264381409,
    0.9921307563781738,
    0.9160613417625427,
    0.9546005129814148,
    0.9622679352760315,
    0.9701371788978577
  ],
  "loss": [
    1.0674171447753906,
    0.4531463384628296,
    0.33878293633461,
    0.28834232687950134,
    0.2629210948944092,
    0.2605719268321991,
    0.16365154087543488,
    0.12218249589204788,
    0.09333675354719162,
    0.07736967504024506,
    0.123042032122612,
    0.08418386429548264,
    0.061245113611221313,
    0.04676194116473198,
    0.042583998292684555,
    0.3047752380371094,
    0.1763027161359787,
    0.1455550193786621,
    0.11371830850839615
  ],
  "val_accuracy": [
    0.8634651303291321,
    0.9190207123756409,
    0.9331449866294861,
    0.9435028433799744,
    0.938794732093811,
    0.9482108950614929,
    0.9576271176338196,
    0.9717513918876648,
    0.9821092486381531,
    0.9896422028541565,
    0.9877589344978333,
    0.9896422028541565,
    0.9924670457839966,
    0.9952918887138367,
    0.9952918887138367,
    0.9896422028541565,
    0.9821092486381531,
    0.9821092486381531,
    0.9821092486381531
  ],
  "val_loss": [
    0.5183383822441101,
    0.31767919659614563,
    0.25697964429855347,
    0.2205120027065277,
    0.1974167674779892,
    0.16036434471607208,
    0.1276555061340332,
    0.09118872880935669,
    0.059378236532211304,
    0.04208573326468468,
    0.04277867451310158,
    0.0346161350607872,
    0.029052777215838432,
    0.025347130373120308,
    0.022022686898708344,
    0.04035736620426178,
    0.05817404016852379,
    0.058485809713602066,
    0.05527908727526665
  ]
}