{
  "loss": [
    0.5089400410652161,
    0.30696916580200195,
    0.21010296046733856,
    0.23342686891555786,
    0.28343769907951355,
    0.17894059419631958,
    0.1890973150730133,
    0.16885341703891754,
    0.11370720714330673,
    0.13119246065616608,
    0.08864038437604904,
    0.0988781526684761,
    0.07129867374897003,
    0.061543058604002,
    0.060872942209243774,
    0.07221433520317078,
    0.046020518988370895,
    0.0798509493470192,
    0.053961221128702164,
    0.03577766567468643,
    0.034682389348745346,
    0.04018768295645714
  ],
  "val_loss": [
    0.19994106888771057,
    0.23071050643920898,
    0.24720346927642822,
    0.14737892150878906,
    0.22704605758190155,
    0.33841991424560547,
    0.2162047177553177,
    0.16577641665935516,
    0.11852800846099854,
    0.16666550934314728,
    0.23791703581809998,
    0.0755581185221672,
    0.13260208070278168,
    0.058249928057193756,
    0.026858214288949966,
    0.10380278527736664,
    0.00831074733287096,
    0.06508180499076843,
    0.022754456847906113,
    0.035239338874816895,
    0.02714836224913597,
    0.010813511908054352
  ],
  "lr": [
    0.0010000000474974513,
    0.0010000000474974513,
    0.0010000000474974513,
    0.0010000000474974513,
    0.0010000000474974513,
    0.0010000000474974513,
    0.0010000000474974513,
    0.0005000000237487257,
    0.0005000000237487257,
    0.0005000000237487257,
    0.0005000000237487257,
    0.0005000000237487257,
    0.0005000000237487257,
    0.0005000000237487257,
    0.0005000000237487257,
    0.0005000000237487257,
    0.0005000000237487257,
    0.0005000000237487257,
    0.0005000000237487257,
    0.0005000000237487257,
    0.0002500000118743628,
    0.0002500000118743628
  ]
}