{
  "accuracy": [
    0.7391040921211243,
    0.8779257535934448,
    0.913640022277832,
    0.9251412153244019,
    0.935230016708374,
    0.9344229102134705,
    0.9340193867683411,
    0.9332122802734375,
    0.9362388849258423,
    0.935230016708374,
    0.9372477531433105,
    0.9384584426879883,
    0.9364407062530518,
    0.9370459914207458,
    0.9346246719360352,
    0.935230016708374,
    0.9362388849258423,
    0.9384584426879883
  ],
  "loss": [
    1.0667120218276978,
    0.43959662318229675,
    0.3160730302333832,
    0.2662322521209717,
    0.23454700410366058,
    0.2227538675069809,
    0.2220941185951233,
    0.21993094682693481,
    0.21474869549274445,
    0.22051115334033966,
    0.21676921844482422,
    0.2168406993150711,
    0.21687285602092743,
    0.2197173535823822,
    0.2179281860589981,
    0.21792134642601013,
    0.21689200401306152,
    0.21167398989200592
  ],
  "val_accuracy": [
    0.8474576473236084,
    0.8983050584793091,
    0.9237288236618042,
    0.9237288236618042,
    0.9350282549858093,
    0.9340866208076477,
    0.935969889163971,
    0.9340866208076477,
    0.9350282549858093,
    0.9331449866294861,
    0.9350282549858093,
    0.9350282549858093,
    0.9350282549858093,
    0.9350282549858093,
    0.9350282549858093,
    0.9350282549858093,
    0.9350282549858093,
    0.9350282549858093
  ],
  "val_loss": [
    0.533724844455719,
    0.34608808159828186,
    0.2793435752391815,
    0.2525215744972229,
    0.23166123032569885,
    0.23049592971801758,
    0.2294030487537384,
    0.22856022417545319,
    0.22789743542671204,
    0.22710122168064117,
    0.2289896458387375,
    0.22852467000484467,
    0.22808973491191864,
    0.22766824066638947,
    0.2289130538702011,
    0.2288302183151245,
    0.22874674201011658,
    0.22865432500839233
  ]
}