{
  "loss": [
    1.0690131187438965,
    0.4362025856971741,
    0.3148019313812256,
    0.2708156406879425,
    0.2377975434064865,
    0.2165326625108719,
    0.19980944693088531,
    0.1817665845155716,
    0.1802387684583664,
    0.16409079730510712,
    0.16216778755187988,
    0.1467319130897522,
    0.14014552533626556,
    0.13584908843040466,
    0.13305577635765076,
    0.1315232664346695,
    0.11733967810869217,
    0.1130731925368309,
    0.11365070939064026,
    0.11267489939928055
  ],
  "accuracy": [
    0.7354721426963806,
    0.880145251750946,
    0.9142453670501709,
    0.9249394536018372,
    0.9334140419960022,
    0.9378530979156494,
    0.9412832856178284,
    0.9451170563697815,
    0.9435028433799744,
    0.9493542909622192,
    0.9495561122894287,
    0.9515738487243652,
    0.9586359858512878,
    0.9558111429214478,
    0.9578288793563843,
    0.958030641078949,
    0.9640839099884033,
    0.9634786248207092,
    0.9626715183258057,
    0.9640839099884033
  ],
  "val_loss": [
    0.536591649055481,
    0.3471107482910156,
    0.27952638268470764,
    0.25253647565841675,
    0.23359258472919464,
    0.21438172459602356,
    0.20659731328487396,
    0.1917465627193451,
    0.18012560904026031,
    0.1816142499446869,
    0.1721923053264618,
    0.16128495335578918,
    0.15266920626163483,
    0.15141016244888306,
    0.14614126086235046,
    0.14445842802524567,
    0.13111071288585663,
    0.12687121331691742,
    0.12410710006952286,
    0.1261082887649536
  ],
  "val_accuracy": [
    0.8474576473236084,
    0.9001883268356323,
    0.9209039807319641,
    0.9265536665916443,
    0.9340866208076477,
    0.9416195750236511,
    0.938794732093811,
    0.9406779408454895,
    0.9472693204879761,
    0.9425612092018127,
    0.9453860521316528,
    0.9500941634178162,
    0.9519773721694946,
    0.9491525292396545,
    0.9529190063476562,
    0.9491525292396545,
    0.9538606405258179,
    0.9585687518119812,
    0.9576271176338196,
    0.9538606405258179
  ],
  "lr": [
    0.0010000000474974513,
    0.0010000000474974513,
    0.0010000000474974513,
    0.0010000000474974513,
    0.0010000000474974513,
    0.0010000000474974513,
    0.0010000000474974513,
    0.0010000000474974513,
    0.0010000000474974513,
    0.0010000000474974513,
    0.0010000000474974513,
    0.0010000000474974513,
    0.0010000000474974513,
    0.0010000000474974513,
    0.0010000000474974513,
    0.0010000000474974513,
    0.0010000000474974513,
    0.0010000000474974513,
    0.0010000000474974513,
    0.0010000000474974513
  ]
}