{
  "loss": [
    0.4208323359489441,
    0.4418151378631592,
    0.4387740194797516,
    0.45679613947868347,
    0.4450782835483551,
    0.3434108793735504
  ],
  "val_loss": [
    0.20458610355854034,
    0.3596247434616089,
    0.22411152720451355,
    0.3982287049293518,
    0.3330143094062805,
    0.36469632387161255
  ],
  "lr": [
    0.0010000000474974513,
    0.0010000000474974513,
    0.0010000000474974513,
    0.0010000000474974513,
    0.0005000000237487257,
    0.0005000000237487257
  ]
}