{
  "loss": [
    1.0600378513336182,
    0.4368807375431061,
    0.32799261808395386,
    0.27524349093437195,
    0.2374626249074936,
    0.22411011159420013,
    0.20520517230033875,
    0.1901567578315735,
    0.177907332777977,
    0.1707090139389038,
    0.16214950382709503,
    0.14842717349529266,
    0.15685351192951202,
    0.14231039583683014,
    0.1360226273536682,
    0.1303449124097824,
    0.13517972826957703,
    0.12424290925264359,
    0.11641879379749298,
    0.11601060628890991
  ],
  "accuracy": [
    0.7445520758628845,
    0.8765133023262024,
    0.9126311540603638,
    0.9245359301567078,
    0.9324051737785339,
    0.9338175654411316,
    0.9414850473403931,
    0.9422921538352966,
    0.9461259245872498,
    0.9493542909622192,
    0.9529862999916077,
    0.9548022747039795,
    0.9525827169418335,
    0.9537934064865112,
    0.9550040364265442,
    0.9586359858512878,
    0.9564164876937866,
    0.9594430923461914,
    0.9632768630981445,
    0.9648910164833069
  ],
  "val_loss": [
    0.4971797466278076,
    0.3237762153148651,
    0.24760106205940247,
    0.22117355465888977,
    0.19705277681350708,
    0.18109486997127533,
    0.1680605411529541,
    0.1565135419368744,
    0.1544194519519806,
    0.1447647511959076,
    0.13927900791168213,
    0.1333332359790802,
    0.1242346465587616,
    0.11851431429386139,
    0.12049749493598938,
    0.11358331143856049,
    0.10655002295970917,
    0.1019848883152008,
    0.10351894795894623,
    0.10875432938337326
  ],
  "val_accuracy": [
    0.8644067645072937,
    0.9105461239814758,
    0.9340866208076477,
    0.938794732093811,
    0.9444444179534912,
    0.9510357975959778,
    0.9491525292396545,
    0.9557439088821411,
    0.9510357975959778,
    0.9548022747039795,
    0.9585687518119812,
    0.956685483455658,
    0.9604519605636597,
    0.9632768630981445,
    0.9623352289199829,
    0.9604519605636597,
    0.9670433402061462,
    0.9642184376716614,
    0.9679849147796631,
    0.9642184376716614
  ],
  "lr": [
    0.0010000000474974513,
    0.0010000000474974513,
    0.0010000000474974513,
    0.0010000000474974513,
    0.0010000000474974513,
    0.0010000000474974513,
    0.0010000000474974513,
    0.0010000000474974513,
    0.0010000000474974513,
    0.0010000000474974513,
    0.0010000000474974513,
    0.0010000000474974513,
    0.0010000000474974513,
    0.0010000000474974513,
    0.0010000000474974513,
    0.0010000000474974513,
    0.0010000000474974513,
    0.0010000000474974513,
    0.0010000000474974513,
    0.0010000000474974513
  ]
}