{
  "loss": [
    0.44206905364990234,
    0.44817817211151123,
    0.34735506772994995,
    0.2830820679664612,
    0.2859737277030945,
    0.35112109780311584,
    0.278531938791275,
    0.24747703969478607,
    0.18385925889015198,
    0.13364329934120178,
    0.1568422168493271,
    0.19405685365200043,
    0.15337388217449188,
    0.11169257760047913,
    0.07905710488557816,
    0.06404197961091995,
    0.06289011985063553,
    0.05249440297484398,
    0.04899716377258301,
    0.05974931642413139,
    0.04192782938480377,
    0.025419343262910843
  ],
  "val_loss": [
    0.3044516146183014,
    0.21868965029716492,
    0.2747825086116791,
    0.28122150897979736,
    0.2017282247543335,
    0.26987895369529724,
    0.2979411482810974,
    0.15941035747528076,
    0.15280026197433472,
    0.0723850280046463,
    0.17011919617652893,
    0.16877880692481995,
    0.13193067908287048,
    0.08769110590219498,
    0.06597022712230682,
    0.03679516911506653,
    0.024779383093118668,
    0.028351524844765663,
    0.08470243215560913,
    0.025625556707382202,
    0.05072680860757828,
    0.0381314679980278
  ],
  "lr": [
    0.0010000000474974513,
    0.0010000000474974513,
    0.0010000000474974513,
    0.0010000000474974513,
    0.0010000000474974513,
    0.0010000000474974513,
    0.0010000000474974513,
    0.0010000000474974513,
    0.0010000000474974513,
    0.0010000000474974513,
    0.0010000000474974513,
    0.0010000000474974513,
    0.0010000000474974513,
    0.0005000000237487257,
    0.0005000000237487257,
    0.0005000000237487257,
    0.0005000000237487257,
    0.0005000000237487257,
    0.0005000000237487257,
    0.0005000000237487257,
    0.0002500000118743628,
    0.0002500000118743628
  ]
}