{
  "accuracy": [
    0.7411218881607056,
    0.877320408821106,
    0.9116222858428955,
    0.9263519048690796,
    0.9334140419960022,
    0.9340193867683411,
    0.9370459914207458,
    0.9324051737785339,
    0.9370459914207458,
    0.9392655491828918,
    0.9350282549858093,
    0.938660204410553,
    0.9382566809654236,
    0.9358353614807129,
    0.9360371232032776,
    0.9390637874603271,
    0.9340193867683411,
    0.9364407062530518
  ],
  "loss": [
    1.0597244501113892,
    0.43514031171798706,
    0.3252856731414795,
    0.27530673146247864,
    0.2408839911222458,
    0.22855138778686523,
    0.2269282191991806,
    0.22945056855678558,
    0.22166486084461212,
    0.22276006639003754,
    0.22285045683383942,
    0.21618519723415375,
    0.2175929993391037,
    0.22129499912261963,
    0.22553785145282745,
    0.2153388261795044,
    0.2237297147512436,
    0.2169661670923233
  ],
  "val_accuracy": [
    0.8644067645072937,
    0.9124293923377991,
    0.9340866208076477,
    0.9378530979156494,
    0.9416195750236511,
    0.9425612092018127,
    0.9425612092018127,
    0.9444444179534912,
    0.9444444179534912,
    0.9444444179534912,
    0.9444444179534912,
    0.9444444179534912,
    0.9444444179534912,
    0.9444444179534912,
    0.9444444179534912,
    0.9444444179534912,
    0.9444444179534912,
    0.9444444179534912
  ],
  "val_loss": [
    0.5000081658363342,
    0.3237704634666443,
    0.25128456950187683,
    0.2242358773946762,
    0.19681110978126526,
    0.19534221291542053,
    0.1941150575876236,
    0.19330205023288727,
    0.19244028627872467,
    0.19193269312381744,
    0.19164586067199707,
    0.19135618209838867,
    0.19110842049121857,
    0.19092915952205658,
    0.19159914553165436,
    0.1915508359670639,
    0.1914968490600586,
    0.1914520114660263
  ]
}