{
    "class_loss": [
        0.03497176989912987,
        0.008347445167601109,
        0.010406090877950191,
        0.010143832303583622,
        0.000573680445086211,
        0.004549944307655096,
        0.00023385636450257152,
        0.0009734598570503294,
        0.0028491634875535965,
        0.00020273594418540597
    ],
    "regress_loss": [664137.8125,
    209020.65625,
    576465.6875,
    143816.375,
    460649.90625,
    216306.5625,
    229057.734375,
    315808.8125,
    732584.4375,
    434255.40625],
    "total_loss": [664137.875,
    209020.671875,
    576465.6875,
    143816.390625,
    460649.90625,
    216306.5625,
    229057.734375,
    315808.8125,
    732584.4375,
    434255.40625],
    "val_class_loss": [0.015245593152940273,
    0.0046482631005346775,
    0.0024809706956148148,
    0.0032567670568823814,
    0.0007880735793150961,
    0.000515047344379127,
    0.0004854630387853831,
    0.0004939815262332559,
    0.00039134989492595196,
    0.0002814366016536951],
    "val_regress_loss": [490650.75,
    471074.375,
    372091.09375,
    349211.625,
    403361.8125,
    399704.90625,
    393661.5625,
    443243.4375,
    287005.53125,
    342259.25],
    "val_total_loss": [490650.75,
    471074.375,
    372091.09375,
    349211.625,
    403361.8125,
    399704.90625,
    393661.5625,
    443243.4375,
    287005.53125,
    342259.25]
}