{
  "loss": [
    0.3930000066757202,
    0.38252052664756775,
    0.2853204607963562,
    0.30737388134002686,
    0.19458943605422974,
    0.21380409598350525,
    0.16368301212787628,
    0.1768837571144104,
    0.14159837365150452,
    0.11777176707983017,
    0.12330160290002823,
    0.12649638950824738,
    0.087708480656147,
    0.09690680354833603,
    0.09666668623685837,
    0.07555635273456573,
    0.05773717910051346,
    0.035340726375579834,
    0.024369971826672554,
    0.035208217799663544,
    0.02898719720542431,
    0.021129760891199112,
    0.026899343356490135,
    0.02406040020287037,
    0.020039329305291176,
    0.016788139939308167,
    0.011589876376092434
  ],
  "val_loss": [
    0.2270139753818512,
    0.15211406350135803,
    0.2502760589122772,
    0.2575940787792206,
    0.18187445402145386,
    0.15805673599243164,
    0.1506420075893402,
    0.09427109360694885,
    0.10754537582397461,
    0.08094508200883865,
    0.07728076726198196,
    0.15656723082065582,
    0.07392888516187668,
    0.08919762074947357,
    0.07111850380897522,
    0.027062471956014633,
    0.05782623216509819,
    0.04025176912546158,
    0.054136235266923904,
    0.01914641261100769,
    0.034671854227781296,
    0.002388289198279381,
    0.022410858422517776,
    0.015607769601047039,
    0.015200184658169746,
    0.00716992374509573,
    0.010301041416823864
  ],
  "lr": [
    0.0010000000474974513,
    0.0010000000474974513,
    0.0010000000474974513,
    0.0010000000474974513,
    0.0010000000474974513,
    0.0005000000237487257,
    0.0005000000237487257,
    0.0005000000237487257,
    0.0005000000237487257,
    0.0005000000237487257,
    0.0005000000237487257,
    0.0005000000237487257,
    0.0005000000237487257,
    0.0005000000237487257,
    0.0005000000237487257,
    0.0005000000237487257,
    0.0005000000237487257,
    0.0005000000237487257,
    0.0005000000237487257,
    0.0002500000118743628,
    0.0002500000118743628,
    0.0002500000118743628,
    0.0002500000118743628,
    0.0002500000118743628,
    0.0002500000118743628,
    0.0001250000059371814,
    0.0001250000059371814
  ]
}