{
  "loss": [
    1.0651167631149292,
    0.42241814732551575,
    0.30291885137557983,
    0.2568029463291168,
    0.22607813775539398,
    0.20503464341163635,
    0.18921253085136414,
    0.17432653903961182,
    0.17050489783287048,
    0.15618552267551422,
    0.1506710648536682,
    0.14019563794136047,
    0.14024965465068817,
    0.12753543257713318,
    0.1223013624548912,
    0.1226596012711525,
    0.1191880851984024,
    0.11327558755874634,
    0.10634549707174301,
    0.11127795279026031
  ],
  "accuracy": [
    0.7397094368934631,
    0.8847861289978027,
    0.9172719717025757,
    0.9307909607887268,
    0.9358353614807129,
    0.9447134733200073,
    0.9463276863098145,
    0.9473365545272827,
    0.9477401375770569,
    0.9527844786643982,
    0.9558111429214478,
    0.9578288793563843,
    0.9556093811988831,
    0.960250198841095,
    0.9634786248207092,
    0.9648910164833069,
    0.9636803865432739,
    0.9648910164833069,
    0.966505229473114,
    0.9628732800483704
  ],
  "val_loss": [
    0.5320812463760376,
    0.34833863377571106,
    0.2941805422306061,
    0.25291553139686584,
    0.23898766934871674,
    0.21576356887817383,
    0.21183684468269348,
    0.20219172537326813,
    0.1892177015542984,
    0.18146392703056335,
    0.17726220190525055,
    0.16708555817604065,
    0.16108573973178864,
    0.15497387945652008,
    0.1602252572774887,
    0.15741635859012604,
    0.14572203159332275,
    0.14457988739013672,
    0.13623709976673126,
    0.13557948172092438
  ],
  "val_accuracy": [
    0.8540489673614502,
    0.9086629152297974,
    0.9161958694458008,
    0.9322034120559692,
    0.9322034120559692,
    0.9369114637374878,
    0.9340866208076477,
    0.9340866208076477,
    0.9378530979156494,
    0.9425612092018127,
    0.9406779408454895,
    0.9416195750236511,
    0.9491525292396545,
    0.9548022747039795,
    0.9482108950614929,
    0.9491525292396545,
    0.9557439088821411,
    0.9585687518119812,
    0.9548022747039795,
    0.9585687518119812
  ],
  "lr": [
    0.0010000000474974513,
    0.0010000000474974513,
    0.0010000000474974513,
    0.0010000000474974513,
    0.0010000000474974513,
    0.0010000000474974513,
    0.0010000000474974513,
    0.0010000000474974513,
    0.0010000000474974513,
    0.0010000000474974513,
    0.0010000000474974513,
    0.0010000000474974513,
    0.0010000000474974513,
    0.0010000000474974513,
    0.0010000000474974513,
    0.0010000000474974513,
    0.0010000000474974513,
    0.0010000000474974513,
    0.0010000000474974513,
    0.0010000000474974513
  ]
}