{
  "accuracy": [
    0.7439467310905457,
    0.8839790225028992,
    0.9178773164749146,
    0.9295803308486938,
    0.9332122802734375,
    0.940879762172699,
    0.9370459914207458,
    0.9390637874603271,
    0.9384584426879883,
    0.940879762172699,
    0.9370459914207458,
    0.9414850473403931,
    0.9439063668251038,
    0.9414850473403931,
    0.9378530979156494,
    0.9426957368850708,
    0.9441081285476685,
    0.9412832856178284
  ],
  "loss": [
    1.0631023645401,
    0.4194679856300354,
    0.3018988370895386,
    0.25529244542121887,
    0.22747810184955597,
    0.21092142164707184,
    0.21149125695228577,
    0.21005408465862274,
    0.20679479837417603,
    0.204538032412529,
    0.20594295859336853,
    0.2042168825864792,
    0.20493373274803162,
    0.20523189008235931,
    0.2099686712026596,
    0.20404936373233795,
    0.20471587777137756,
    0.20770086348056793
  ],
  "val_accuracy": [
    0.8568738102912903,
    0.9086629152297974,
    0.9171375036239624,
    0.9284369349479675,
    0.930320143699646,
    0.9293785095214844,
    0.9293785095214844,
    0.9312617778778076,
    0.9331449866294861,
    0.9322034120559692,
    0.9322034120559692,
    0.9312617778778076,
    0.9312617778778076,
    0.9312617778778076,
    0.9322034120559692,
    0.9322034120559692,
    0.9322034120559692,
    0.9322034120559692
  ],
  "val_loss": [
    0.5309096574783325,
    0.345967561006546,
    0.2943207919597626,
    0.253740131855011,
    0.23921774327754974,
    0.23686583340168,
    0.23508737981319427,
    0.23366093635559082,
    0.2326829433441162,
    0.2319405972957611,
    0.23163488507270813,
    0.23135687410831451,
    0.2310563027858734,
    0.2308511883020401,
    0.23157189786434174,
    0.23149944841861725,
    0.23144355416297913,
    0.23138828575611115
  ]
}