{
  "seeds": [
    42,
    123,
    456,
    789,
    1024
  ],
  "approaches": {
    "TL": {
      "label": "Transfer Learning (Option A)",
      "mean": 0.965160071849823,
      "std": 0.0045743595112323395,
      "sample_std": 0.005114289410319112,
      "min": 0.9595103859901428,
      "max": 0.9717513918876648,
      "individual": [
        0.9689265489578247,
        0.9717513918876648,
        0.9642184376716614,
        0.9595103859901428,
        0.9613935947418213
      ],
      "n_successful": 5,
      "n_total": 5
    },
    "TLoss": {
      "label": "Triplet Loss (Option C)",
      "mean": 0.8708097928436912,
      "std": 0.10334059386278104,
      "sample_std": 0.11553829635618798,
      "min": 0.6704331450094162,
      "max": 0.9689265536723164,
      "individual": [
        0.9143126177024482,
        0.9001883239171374,
        0.9689265536723164,
        0.6704331450094162,
        0.9001883239171374
      ],
      "n_successful": 5,
      "n_total": 5
    },
    "PU": {
      "label": "Progressive Unfreezing (Option B)",
      "mean": 0.9410546064376831,
      "std": 0.005883439440863792,
      "sample_std": 0.006577885265637397,
      "min": 0.9331449866294861,
      "max": 0.9510357975959778,
      "individual": [
        0.9510357975959778,
        0.9378530979156494,
        0.9416195750236511,
        0.9416195750236511,
        0.9331449866294861
      ],
      "n_successful": 5,
      "n_total": 5
    }
  },
  "total_runtime_seconds": 12096.130825519562,
  "timestamp": "2026-05-14T18:09:03.616464+00:00",
  "failed_runs": [],
  "raw_results": [
    {
      "approach": "TL",
      "label": "Transfer Learning (Option A)",
      "seed": 42,
      "train_exit": 0,
      "eval_exit": 0,
      "retried_with_fallback": false,
      "elapsed_seconds": 0.0,
      "test_accuracy": 0.9689265489578247,
      "report_path": "D:\\Coding\\Personal\\BP-face-recognition\\src\\bp_face_recognition\\models\\finetuned\\cv\\seed_42\\facenet_transfer_report.json",
      "log_path": "(skipped)",
      "skipped": true
    },
    {
      "approach": "TLoss",
      "label": "Triplet Loss (Option C)",
      "seed": 42,
      "train_exit": 0,
      "eval_exit": 0,
      "retried_with_fallback": false,
      "elapsed_seconds": 0.0,
      "test_accuracy": 0.9143126177024482,
      "report_path": "D:\\Coding\\Personal\\BP-face-recognition\\src\\bp_face_recognition\\models\\finetuned\\cv\\seed_42\\facenet_triplet_evaluation.json",
      "log_path": "(skipped)",
      "skipped": true
    },
    {
      "approach": "PU",
      "label": "Progressive Unfreezing (Option B)",
      "seed": 42,
      "train_exit": 0,
      "eval_exit": 0,
      "retried_with_fallback": false,
      "elapsed_seconds": 0.0,
      "test_accuracy": 0.9510357975959778,
      "report_path": "D:\\Coding\\Personal\\BP-face-recognition\\src\\bp_face_recognition\\models\\finetuned\\cv\\seed_42\\facenet_progressive_report.json",
      "log_path": "(skipped)",
      "skipped": true
    },
    {
      "approach": "TL",
      "label": "Transfer Learning (Option A)",
      "seed": 123,
      "train_exit": 0,
      "eval_exit": 0,
      "retried_with_fallback": false,
      "elapsed_seconds": 0.0,
      "test_accuracy": 0.9717513918876648,
      "report_path": "D:\\Coding\\Personal\\BP-face-recognition\\src\\bp_face_recognition\\models\\finetuned\\cv\\seed_123\\facenet_transfer_report.json",
      "log_path": "(skipped)",
      "skipped": true
    },
    {
      "approach": "TLoss",
      "label": "Triplet Loss (Option C)",
      "seed": 123,
      "train_exit": 0,
      "eval_exit": 0,
      "retried_with_fallback": false,
      "elapsed_seconds": 0.0,
      "test_accuracy": 0.9001883239171374,
      "report_path": "D:\\Coding\\Personal\\BP-face-recognition\\src\\bp_face_recognition\\models\\finetuned\\cv\\seed_123\\facenet_triplet_evaluation.json",
      "log_path": "(skipped)",
      "skipped": true
    },
    {
      "approach": "PU",
      "label": "Progressive Unfreezing (Option B)",
      "seed": 123,
      "train_exit": 0,
      "eval_exit": 0,
      "retried_with_fallback": false,
      "elapsed_seconds": 0.0,
      "test_accuracy": 0.9378530979156494,
      "report_path": "D:\\Coding\\Personal\\BP-face-recognition\\src\\bp_face_recognition\\models\\finetuned\\cv\\seed_123\\facenet_progressive_report.json",
      "log_path": "(skipped)",
      "skipped": true
    },
    {
      "approach": "TL",
      "label": "Transfer Learning (Option A)",
      "seed": 456,
      "train_exit": 0,
      "eval_exit": 0,
      "retried_with_fallback": false,
      "elapsed_seconds": 1626.9673545360565,
      "test_accuracy": 0.9642184376716614,
      "report_path": "D:\\Coding\\Personal\\BP-face-recognition\\src\\bp_face_recognition\\models\\finetuned\\cv\\seed_456\\facenet_transfer_report.json",
      "log_path": "D:\\Coding\\Personal\\BP-face-recognition\\data\\logs\\cv_seed_456_TL.log"
    },
    {
      "approach": "TLoss",
      "label": "Triplet Loss (Option C)",
      "seed": 456,
      "train_exit": 0,
      "eval_exit": 0,
      "retried_with_fallback": false,
      "elapsed_seconds": 1991.5406787395477,
      "test_accuracy": 0.9689265536723164,
      "report_path": "D:\\Coding\\Personal\\BP-face-recognition\\src\\bp_face_recognition\\models\\finetuned\\cv\\seed_456\\facenet_triplet_evaluation.json",
      "log_path": "D:\\Coding\\Personal\\BP-face-recognition\\data\\logs\\cv_seed_456_TLoss.log"
    },
    {
      "approach": "PU",
      "label": "Progressive Unfreezing (Option B)",
      "seed": 456,
      "train_exit": 0,
      "eval_exit": 0,
      "retried_with_fallback": false,
      "elapsed_seconds": 1352.7497899532318,
      "test_accuracy": 0.9416195750236511,
      "report_path": "D:\\Coding\\Personal\\BP-face-recognition\\src\\bp_face_recognition\\models\\finetuned\\cv\\seed_456\\facenet_progressive_report.json",
      "log_path": "D:\\Coding\\Personal\\BP-face-recognition\\data\\logs\\cv_seed_456_PU.log"
    },
    {
      "approach": "TL",
      "label": "Transfer Learning (Option A)",
      "seed": 789,
      "train_exit": 0,
      "eval_exit": 0,
      "retried_with_fallback": false,
      "elapsed_seconds": 1328.745846748352,
      "test_accuracy": 0.9595103859901428,
      "report_path": "D:\\Coding\\Personal\\BP-face-recognition\\src\\bp_face_recognition\\models\\finetuned\\cv\\seed_789\\facenet_transfer_report.json",
      "log_path": "D:\\Coding\\Personal\\BP-face-recognition\\data\\logs\\cv_seed_789_TL.log"
    },
    {
      "approach": "TLoss",
      "label": "Triplet Loss (Option C)",
      "seed": 789,
      "train_exit": 0,
      "eval_exit": 0,
      "retried_with_fallback": false,
      "elapsed_seconds": 975.9373168945312,
      "test_accuracy": 0.6704331450094162,
      "report_path": "D:\\Coding\\Personal\\BP-face-recognition\\src\\bp_face_recognition\\models\\finetuned\\cv\\seed_789\\facenet_triplet_evaluation.json",
      "log_path": "D:\\Coding\\Personal\\BP-face-recognition\\data\\logs\\cv_seed_789_TLoss.log"
    },
    {
      "approach": "PU",
      "label": "Progressive Unfreezing (Option B)",
      "seed": 789,
      "train_exit": 0,
      "eval_exit": 0,
      "retried_with_fallback": false,
      "elapsed_seconds": 1405.0044538974762,
      "test_accuracy": 0.9416195750236511,
      "report_path": "D:\\Coding\\Personal\\BP-face-recognition\\src\\bp_face_recognition\\models\\finetuned\\cv\\seed_789\\facenet_progressive_report.json",
      "log_path": "D:\\Coding\\Personal\\BP-face-recognition\\data\\logs\\cv_seed_789_PU.log"
    },
    {
      "approach": "TL",
      "label": "Transfer Learning (Option A)",
      "seed": 1024,
      "train_exit": 0,
      "eval_exit": 0,
      "retried_with_fallback": false,
      "elapsed_seconds": 1148.1047971248627,
      "test_accuracy": 0.9613935947418213,
      "report_path": "D:\\Coding\\Personal\\BP-face-recognition\\src\\bp_face_recognition\\models\\finetuned\\cv\\seed_1024\\facenet_transfer_report.json",