{
  "model_type": "FaceNet Triplet Loss (Option C)",
  "timestamp": "2026-05-14T19:53:59.964134",
  "test_accuracy": 0.9001883239171374,
  "test_accuracy_percent": 90.01883239171374,
  "num_test_samples": 1062,
  "num_train_samples": 2016,
  "classification_report": {
    "Stranger_1": {
      "precision": 0.8181818181818182,
      "recall": 0.8461538461538461,
      "f1-score": 0.8319327731092437,
      "support": 234.0
    },
    "Stranger_10": {
      "precision": 0.875,
      "recall": 0.7777777777777778,
      "f1-score": 0.8235294117647058,
      "support": 9.0
    },
    "Stranger_11": {
      "precision": 0.941747572815534,
      "recall": 0.8981481481481481,
      "f1-score": 0.919431279620853,
      "support": 108.0
    },
    "Stranger_12": {
      "precision": 1.0,
      "recall": 0.7777777777777778,
      "f1-score": 0.875,
      "support": 9.0
    },
    "Stranger_14": {
      "precision": 1.0,
      "recall": 1.0,
      "f1-score": 1.0,
      "support": 18.0
    },
    "Stranger_2": {
      "precision": 0.8691099476439791,
      "recall": 0.9222222222222223,
      "f1-score": 0.894878706199461,
      "support": 180.0
    },
    "Stranger_3": {
      "precision": 0.9090909090909091,
      "recall": 0.8333333333333334,
      "f1-score": 0.8695652173913043,
      "support": 108.0
    },
    "Stranger_4": {
      "precision": 0.896551724137931,
      "recall": 0.8253968253968254,
      "f1-score": 0.859504132231405,
      "support": 63.0
    },
    "Stranger_5": {
      "precision": 0.75,
      "recall": 0.8333333333333334,
      "f1-score": 0.7894736842105263,
      "support": 18.0
    },
    "Stranger_6": {
      "precision": 1.0,
      "recall": 1.0,
      "f1-score": 1.0,
      "support": 9.0
    },
    "Stranger_7": {
      "precision": 1.0,
      "recall": 0.8888888888888888,
      "f1-score": 0.9411764705882353,
      "support": 9.0
    },
    "Stranger_8": {
      "precision": 1.0,
      "recall": 0.8888888888888888,
      "f1-score": 0.9411764705882353,
      "support": 18.0
    },
    "Stranger_9": {
      "precision": 0.75,
      "recall": 1.0,
      "f1-score": 0.8571428571428571,
      "support": 9.0
    },
    "Yurii": {
      "precision": 0.974169741697417,
      "recall": 0.9777777777777777,
      "f1-score": 0.9759704251386322,
      "support": 270.0
    },
    "accuracy": 0.9001883239171374,
    "macro avg": {
      "precision": 0.9131322652548277,
      "recall": 0.89069277283563,
      "f1-score": 0.8984843877132471,
      "support": 1062.0
    },
    "weighted avg": {
      "precision": 0.9024656129523068,
      "recall": 0.9001883239171374,
      "f1-score": 0.900420126422437,
      "support": 1062.0
    }
  },
  "weights_path": "/mnt/d/Coding/Personal/BP-face-recognition/src/bp_face_recognition/models/finetuned/cv/seed_1024/facenet_triplet_v1.0.weights.h5",
  "embedding_shape": 512,
  "seed": 1024,
  "note": "Evaluated using loaded weights with KNN classifier"
}