{
  "accuracy": [
    0.7502017617225647,
    0.8855932354927063,
    0.9168684482574463,
    0.9295803308486938,
    0.9342211484909058,
    0.9364407062530518,
    0.9392655491828918,
    0.9364407062530518,
    0.9366424679756165,
    0.9384584426879883,
    0.93744957447052,
    0.9384584426879883,
    0.9350282549858093,
    0.9384584426879883,
    0.938660204410553,
    0.9398708343505859,
    0.9338175654411316
  ],
  "loss": [
    1.0651302337646484,
    0.42358261346817017,
    0.31274884939193726,
    0.26623934507369995,
    0.23575960099697113,
    0.2170512080192566,
    0.21687021851539612,
    0.21717490255832672,
    0.21754856407642365,
    0.21284781396389008,
    0.21564067900180817,
    0.22217072546482086,
    0.21772028505802155,
    0.2175963968038559,
    0.2127630114555359,
    0.21436572074890137,
    0.22077389061450958
  ],
  "val_accuracy": [
    0.8644067645072937,
    0.9105461239814758,
    0.9284369349479675,
    0.9322034120559692,
    0.9435028433799744,
    0.9444444179534912,
    0.9435028433799744,
    0.9435028433799744,
    0.9435028433799744,
    0.9435028433799744,
    0.9435028433799744,
    0.9435028433799744,
    0.9435028433799744,
    0.9435028433799744,
    0.9435028433799744,
    0.9435028433799744,
    0.9435028433799744
  ],
  "val_loss": [
    0.505508542060852,
    0.32162874937057495,
    0.26215100288391113,
    0.22825133800506592,
    0.20550741255283356,
    0.20453216135501862,
    0.20375964045524597,
    0.20310764014720917,
    0.20256392657756805,
    0.20413583517074585,
    0.20379827916622162,
    0.2034715861082077,
    0.2031710296869278,
    0.2040639966726303,
    0.2039998173713684,
    0.2039256989955902,
    0.20385628938674927
  ]
}