{
  "loss": [
    1.0632344484329224,
    0.426382452249527,
    0.31230971217155457,
    0.26599615812301636,
    0.23335762321949005,
    0.21218650043010712,
    0.1965665966272354,
    0.1806972473859787,
    0.1742669641971588,
    0.15998132526874542,
    0.1620921790599823,
    0.14773990213871002,
    0.14387837052345276,
    0.13803191483020782,
    0.13692717254161835,
    0.1227349042892456,
    0.12271108478307724,
    0.11437977105379105,
    0.112757608294487,
    0.1069725826382637
  ],
  "accuracy": [
    0.7532284259796143,
    0.8853914737701416,
    0.9134382605552673,
    0.9263519048690796,
    0.9388619661331177,
    0.9398708343505859,
    0.940879762172699,
    0.9467312097549438,
    0.9467312097549438,
    0.9485472440719604,
    0.9507667422294617,
    0.9537934064865112,
    0.9539951682090759,
    0.9560129046440125,
    0.9564164876937866,
    0.9620661735534668,
    0.962469756603241,
    0.9634786248207092,
    0.9638821482658386,
    0.9661017060279846
  ],
  "val_loss": [
    0.5036646127700806,
    0.32080361247062683,
    0.2593447268009186,
    0.22725513577461243,
    0.20492015779018402,
    0.1899833381175995,
    0.1799519807100296,
    0.16277092695236206,
    0.15732306241989136,
    0.14878053963184357,
    0.14102736115455627,
    0.14000773429870605,
    0.1313267946243286,
    0.12415622919797897,
    0.12026295810937881,
    0.11308635771274567,
    0.11596037447452545,
    0.1070210188627243,
    0.10453600436449051,
    0.10273965448141098
  ],
  "val_accuracy": [
    0.8681732416152954,
    0.9133710265159607,
    0.9293785095214844,
    0.9322034120559692,
    0.9444444179534912,
    0.9435028433799744,
    0.9425612092018127,
    0.9519773721694946,
    0.9538606405258179,
    0.9482108950614929,
    0.956685483455658,
    0.9491525292396545,
    0.9595103859901428,
    0.9623352289199829,
    0.9576271176338196,
    0.9661017060279846,
    0.9595103859901428,
    0.9632768630981445,
    0.9632768630981445,
    0.9661017060279846
  ],
  "lr": [
    0.0010000000474974513,
    0.0010000000474974513,
    0.0010000000474974513,
    0.0010000000474974513,
    0.0010000000474974513,
    0.0010000000474974513,
    0.0010000000474974513,
    0.0010000000474974513,
    0.0010000000474974513,
    0.0010000000474974513,
    0.0010000000474974513,
    0.0010000000474974513,
    0.0010000000474974513,
    0.0010000000474974513,
    0.0010000000474974513,
    0.0010000000474974513,
    0.0010000000474974513,
    0.0010000000474974513,
    0.0010000000474974513,
    0.0010000000474974513
  ]
}