{
  "loss": [
    0.4342314898967743,
    0.38646644353866577,
    0.3798345923423767,
    0.3978278636932373,
    0.29166245460510254,
    0.24786357581615448,
    0.1935439556837082,
    0.19264385104179382,
    0.20876352488994598,
    0.15497547388076782,
    0.11066675186157227,
    0.1168828085064888,
    0.0995158776640892,
    0.09736959636211395,
    0.07174323499202728,
    0.07960999011993408,
    0.06760962307453156,
    0.04524052515625954,
    0.03841385990381241,
    0.04513833671808243,
    0.03864327818155289,
    0.04433814436197281,
    0.02973935380578041
  ],
  "val_loss": [
    0.2106827199459076,
    0.38811302185058594,
    0.43558233976364136,
    0.41789284348487854,
    0.22016386687755585,
    0.19264620542526245,
    0.29168176651000977,
    0.26755326986312866,
    0.2657281458377838,
    0.1555260270833969,
    0.13758328557014465,
    0.16223937273025513,
    0.06449218094348907,
    0.04491256922483444,
    0.0675419345498085,
    0.08632062375545502,
    0.048060618340969086,
    0.015604488551616669,
    0.04324953258037567,
    0.03865731135010719,
    0.04129713028669357,
    0.05740063264966011,
    0.026521364226937294
  ],
  "lr": [
    0.0010000000474974513,
    0.0010000000474974513,
    0.0010000000474974513,
    0.0010000000474974513,
    0.0005000000237487257,
    0.0005000000237487257,
    0.0005000000237487257,
    0.0005000000237487257,
    0.0005000000237487257,
    0.0002500000118743628,
    0.0002500000118743628,
    0.0002500000118743628,
    0.0002500000118743628,
    0.0002500000118743628,
    0.0002500000118743628,
    0.0002500000118743628,
    0.0002500000118743628,
    0.0001250000059371814,
    0.0001250000059371814,
    0.0001250000059371814,
    0.0001250000059371814,
    6.25000029685907e-05,
    6.25000029685907e-05
  ]
}